Date,Sentiment,Return
2021-11-08,-0.3627091875,0.06695154718111462
2021-11-09,0.2537607155,-0.008806096371717143
2021-11-10,-0.2179324849999999,-0.029513867421399387
2021-11-11,-0.275028345,-0.0006965054346836919
2021-11-12,0.10127542025,-0.01222509636324598
2021-11-13,0.0,0.0048878705639170406
2021-11-14,0.8732334,0.015469517787564335
2021-11-15,0.25987203375,-0.02915932332393234
2021-11-16,0.258406138625,-0.05344145330150951
2021-11-17,0.24302943315,0.003436857419438999
2021-11-18,-0.06117361775,-0.05674983989800575
2021-11-19,-0.014313079,0.020677857806173483
2021-11-20,0.39745983,0.027144333086984274
2021-11-21,0.0,-0.01619370466132397
2021-11-22,0.3418011825,-0.041565940596482776
2021-11-23,0.0448103375,0.022735855747423095
2021-11-24,0.102387905075,-0.02238438701660228
2021-11-25,0.170921815,0.017666069374003168
2021-11-26,-0.152497621,-0.06468677053655503
2021-11-27,0.0,0.02324655494514305
2021-11-28,0.0,0.044392510044424904
2021-11-29,-0.29617260925,0.009748898117819094
2021-11-30,-0.0643189919999999,-0.013858989986877734
2021-12-01,0.0,0.003936508510805847
2021-12-02,0.0,-0.013140205787574133
2021-12-03,0.0,-0.05098586481791345
2021-12-04,0.0,-0.08204639683653359
2021-12-05,0.0,0.003417522933012007
2021-12-06,0.0,0.02458589579002135
2021-12-07,0.0,0.002322159783127109
2021-12-08,0.0,-0.00385184874717448
2021-12-09,0.32069745535,-0.05608726213196957
2021-12-10,0.47026954625,-0.00899511908452133
2021-12-11,-0.89446104,0.044857216044006165
2021-12-12,0.0,0.014906619570362878
2021-12-13,-0.175264682,-0.0670851717099511
2021-12-14,0.0879910222499999,-0.00267125345649466
2021-12-15,0.379839098,0.04900151967252708
2021-12-16,0.5829607695,-0.025181582897818466
2021-12-17,-0.1584967745,-0.030699007215741814
2021-12-18,0.077987632,0.013995731563123393
2021-12-19,0.0,-0.0030259427628138713
2021-12-20,0.010978062,0.003709543768351198
2021-12-21,-0.062366836,0.04386356169401262
2021-12-22,0.010978062,-0.006295931447672265
2021-12-23,-0.464642519,0.04433669194360079
2021-12-24,0.4721767699999999,0.0007414904357732066
2021-12-25,-0.63408464,-0.007719775485643066
2021-12-26,0.0,0.0075284019171428795
2021-12-27,-0.0152751994999999,-0.003328070621613999
2021-12-28,-0.705007315,-0.06025942562091624
2021-12-29,-0.1447496996666666,-0.02404227880624954
2021-12-30,0.18470389275,0.01579112126431248
2021-12-31,-0.22795865725,-0.018476352917798256
2022-01-01,-0.016269937,0.029809396471367267
2022-01-02,0.0,-0.007163274962024402
2022-01-03,-0.1537588958,-0.0187368774698079
2022-01-04,-0.23718131225,-0.012065555013512697
2022-01-05,0.5238338,-0.050734060615097554
2022-01-06,0.0327331837777777,-0.009366159015892994
2022-01-07,-0.3938831367142857,-0.03714070469186992
2022-01-08,0.005552888,0.004235994902819673
2022-01-09,0.0,0.004256970472081845
2022-01-10,0.0278372773333333,-0.0021554853640055605
2022-01-11,0.5049484054,0.021869109453241498
2022-01-12,0.2581992895,0.028389418684672707
2022-01-13,0.1431173231428571,-0.030888714484173407
2022-01-14,0.039264781375,0.011930269358978673
2022-01-15,-0.24812356,0.001802778677309158
2022-01-16,0.0,-0.0014711291913973579
2022-01-17,-0.1307005376428571,-0.020024366790964976
2022-01-18,0.0510152337352941,0.0029604828561313745
2022-01-19,0.0815909434033333,-0.014897823244158781
2022-01-20,-0.0173027069090909,-0.02548634039729203
2022-01-21,-0.332284534625,-0.10381165615712484
2022-01-22,-0.38268553,-0.039143484680769114
2022-01-23,0.0697880766666666,0.03558509252717301
2022-01-24,-0.4418548016666667,0.010406744495611076
2022-01-25,-0.10077739425,0.008175727030871549
2022-01-26,0.2219981506363636,-0.002757016878562668
2022-01-27,-0.1324027738823529,0.007763821260712289
2022-01-28,0.07462722245,0.017397102127314046
2022-01-29,-0.339768449,0.00936493083845824
2022-01-30,-0.1391680466666666,-0.005783656346668664
2022-01-31,-0.0406728309655555,0.01491453610450133
2022-02-01,0.0104020570869565,0.00676006528835682
2022-02-02,0.03298692472,-0.046209029430310355
2022-02-03,-0.1190489854285714,0.005456046132945147
2022-02-04,0.1333672262941176,0.116978066100073
2022-02-05,0.0799522223375,-0.001438787435204647
2022-02-06,0.3897491865714286,0.023437312952531153
2022-02-07,0.249154123985,0.033665872045371525
2022-02-08,0.2383011391249999,0.0063448528050995545
2022-02-09,0.1168060204782608,0.004994545046617338
2022-02-10,-0.0745001796538461,-0.01744935921313273
2022-02-11,-0.0197635109999999,-0.026561982607033352
2022-02-12,-0.0358295158272727,-0.0038546734323026133
2022-02-13,0.156991544,-0.001111462077505676
2022-02-14,0.1296916629444444,0.009228086961576842
2022-02-15,-0.028396334,0.04668769779745485
2022-02-16,-0.1884047781923077,-0.013759752216496501
2022-02-17,-0.1382208703478261,-0.07788223029977337
2022-02-18,-0.1230720851923077,-0.012507647384577658
2022-02-19,-0.0971778013333333,0.0022777282826873524
2022-02-20,0.0501344249999999,-0.04214073972532317
2022-02-21,-0.0423271233749999,-0.03528620868790788
2022-02-22,-0.0505375293695652,0.03265642371222732
2022-02-23,0.1809646531944444,-0.025843815613622922
2022-02-24,-0.2270282963225806,0.027778400368163814
2022-02-25,0.1469550489565217,0.022998939789759643
2022-02-26,0.297989398,-0.002781397053842838
2022-02-27,0.3493819333333333,-0.03568234201898368
2022-02-28,0.1937038247935484,0.1454118392886461
2022-03-01,0.2480167664863636,0.026888524570001016
2022-03-02,-0.1190077713636363,-0.009706302725009275
2022-03-03,-0.0687344787916666,-0.03351981142193561
2022-03-04,-0.1254953888521739,-0.07806935036049167
2022-03-05,-0.15716968985,0.00671938064683042
2022-03-06,0.294218978,-0.024887994408395286
2022-03-07,-0.1560044669523809,-0.009316643885282638
2022-03-08,0.0193491682727272,0.017740259990833174
2022-03-09,0.1972872938636363,0.08378639716414904
2022-03-10,0.0674127626666666,-0.060630954045771346
2022-03-11,0.003237722047619,-0.016291319622939393
2022-03-12,0.0013457828571428,0.002810649293818468
2022-03-13,0.0984865886666666,-0.027101257933814904
2022-03-14,-0.2429304355217391,0.0480080837903738
2022-03-15,0.2463971666666667,-0.008268101563720931
2022-03-16,0.1322544097647059,0.04588714481344902
2022-03-17,0.0347076692846153,-0.00467993171076464
2022-03-18,0.0850393444117647,0.020750884742987363
2022-03-19,0.4606042205,0.009317830622209256
2022-03-20,0.560066605,-0.022346848712323064
2022-03-21,-0.0569667078333333,-0.004117262624553253
2022-03-22,0.266397368935,0.031180014163224357
2022-03-23,0.1028977209473684,0.012610091153007819
2022-03-24,0.2170554619038461,0.024898646221148013
2022-03-25,0.2771168275727272,0.008821397620525806
2022-03-26,0.0027717216666666,0.003429583093865096
2022-03-27,0.492858556,0.052126312256127294
2022-03-28,0.2163025740277777,0.0065678873583499
2022-03-29,0.0245896067599999,0.0071661546110000085
2022-03-30,0.32788826875,-0.008491735032190584
2022-03-31,0.0567420085833333,-0.03238210822970233
2022-04-01,0.0768462518954545,0.016315115388267687
2022-04-02,0.220688896375,-0.008917040798352427
2022-04-03,-0.0984446483333333,0.012745379989237415
2022-04-04,-0.1244717877647059,0.003640395949819908
2022-04-05,0.2239859119565217,-0.02287907280900814
2022-04-06,-0.0455229559999999,-0.05156849392240015
2022-04-07,0.0695143999705882,0.006876459247305178
2022-04-08,0.048829239592,-0.02795577079433975
2022-04-09,0.1028566595,0.011693070951357853
2022-04-10,0.1903302333333333,-0.013427680050824398
2022-04-11,-0.0861418244782608,-0.06363225953812457
2022-04-12,-0.1092696108388888,0.015315083892861292
2022-04-13,-0.0295183794615384,0.025906300465151855
2022-04-14,0.3290037375652174,-0.029908006531745968
2022-04-15,-0.0865443676666666,0.015473675726454417
2022-04-16,0.12910485,-0.0031805042860567623
2022-04-17,-0.5858696066666667,-0.017502542356175654
2022-04-18,-0.3358266358125,0.027929174608607443
2022-04-19,0.4455662396,0.016571096753378534
2022-04-20,-0.2465363858095238,-0.003093074404708074
2022-04-21,0.0956919422647059,-0.020471984048854197
2022-04-22,-0.0766801900555555,-0.019420038833716236
2022-04-23,0.1703626176666667,-0.0063811726165236005
2022-04-24,0.0389968985,-0.0004416040475622163
2022-04-25,0.1240372811111111,0.025057850055308917
2022-04-26,0.1175900171730769,-0.057858267871623625
2022-04-27,0.1357868354642857,0.029478882606909007
2022-04-28,0.2836208326666666,0.013575224570606004
2022-04-29,0.0073623962043478,-0.02926557389929385
2022-04-30,-0.01313655,-0.023179313474195662
2022-05-01,0.4147073082,0.019997911964443782
2022-05-02,-0.1339730569705882,0.001565786170879102
2022-05-03,0.0302946713333333,-0.020215120218891713
2022-05-04,0.1599953539,0.051599856624237495
2022-05-05,0.0434013149523809,-0.07867402068901796
2022-05-06,-0.2762452135454545,-0.014606061408683924
2022-05-07,-0.219102255,-0.014954355270636377
2022-05-08,-0.32226328,-0.040636848764922684
2022-05-09,-0.2829501235909091,-0.11046369999353145
2022-05-10,-0.0873464236333333,0.02396125848050934
2022-05-11,-0.1852679512916666,-0.06725839173272163
2022-05-12,-0.0973322829833333,0.003849706798608521
2022-05-13,-0.0310427735,0.008102229834508146
2022-05-14,0.26397748,0.027939733537411415
2022-05-15,-0.03332341,0.03999325713567892
2022-05-16,-0.0838612763666666,-0.046069001557128786
2022-05-17,0.1092204954729411,0.018850785235190015
2022-05-18,-0.0559582829166666,-0.05605711989808215
2022-05-19,-0.282389908735,0.05550304428240649
2022-05-20,-0.0936520772105263,-0.036734890846488066
2022-05-21,-0.3185914125,0.007927413013061102
2022-05-22,0.29216696,0.030289794482822652
2022-05-23,0.1390278543277777,-0.04039123144227663
2022-05-24,-0.0743213276541666,0.019130468401079792
2022-05-25,0.078428923625,-0.003143576713387941
2022-05-26,-0.4916366967499999,-0.009983529917456657
2022-05-27,-0.1616484974210526,-0.02185551924250806
2022-05-28,-0.5336795975999999,0.006543557286537771
2022-05-29,0.06416671,0.02190035821988534
2022-05-30,0.1309806695238095,0.07744470968730455
2022-05-31,0.1589527385384615,0.0020777630413166825
2022-06-01,-0.1440402965909091,-0.06269536357891181
2022-06-02,-0.1594388078333333,0.02243049790035867
2022-06-03,-0.1694328248571428,-0.02504629358369581
2022-06-04,-0.93905475,0.004326748833952898
2022-06-05,-0.2899987700857142,0.00247203631266113
2022-06-06,0.07298181545,0.048952630028413324
2022-06-07,-0.1205809973653846,-0.006859698773187373
2022-06-08,0.1111264028,-0.03020730515832104
2022-06-09,-0.1437475403127777,-0.003387708269364409
2022-06-10,-0.0049685186521739,-0.03414563715680452
2022-06-11,-0.337127425,-0.024858994495164377
2022-06-12,-0.1136422502857142,-0.056351073137826724
2022-06-13,-0.2030861373333333,-0.15974726027617203
2022-06-14,-0.4495281695312499,-0.012477914053041661
2022-06-15,0.0029748829230769,0.01648355417709846
2022-06-16,-0.0501365910999999,-0.09707194434960298
2022-06-17,0.0264260255217391,0.004407495444594733
2022-06-18,-0.044884933,-0.07101780974085614
2022-06-19,-0.026795065,0.0807475952890373
2022-06-20,-0.1038148897857142,0.002251010260589048
2022-06-21,-0.3396094274523809,0.0053914098304885805
2022-06-22,-0.1713229939565217,-0.034937106663198714
2022-06-23,-0.3479658786086956,0.05497803800296652
2022-06-24,-0.0194488888111111,0.006913598955313738
2022-06-25,-0.4134090585,0.012748964915301864
2022-06-26,0.2478029166666666,-0.02209261947079333
2022-06-27,0.2245319202,-0.013877981325425726
2022-06-28,-0.161535823117647,-0.02193553187871977
2022-06-29,-0.1389121490869565,-0.008708372798288844
2022-06-30,-0.1809380286045454,-0.01588223750298734
2022-07-01,-0.0645370925416666,-0.02604834458398897
2022-07-02,-0.3317949482857143,-0.0014069651515379311
2022-07-03,0.16346921295,0.002848954556089245
2022-07-04,-0.15709526615,0.04841073013105235
2022-07-05,-0.2019447842608696,-0.0020338071321012174
2022-07-06,-0.1142558066666666,0.017737930428710857
2022-07-07,-0.0219110143381818,0.053013857820514154
2022-07-08,0.2049414401136363,0.004322538045727464
2022-07-09,0.0197229266666666,-0.006392223420980114
2022-07-10,-0.1869625314285714,-0.03388990349346599
2022-07-11,-0.09390144133125,-0.04265931997884009
2022-07-12,-0.3025377358235294,-0.03237979740682695
2022-07-13,-0.1901640312105263,0.04596171114078618
2022-07-14,-0.0266130569999999,0.017704551212910147
2022-07-15,0.0082503117333333,0.012951348577769028
2022-07-16,-0.1327814488571428,0.01698899533192111
2022-07-17,0.2401067125714285,-0.01939436147960416
2022-07-18,-0.0801352014318182,0.08211740099467768
2022-07-19,0.0675855235294117,0.0401919693193753
2022-07-20,0.3928694616111111,-0.006742410894342465
2022-07-21,0.0843305893318181,-0.0028884421706671937
2022-07-22,-0.0428957645533333,-0.01941107679491816
2022-07-23,0.432213425,-0.010983941711781742
2022-07-24,0.0877199719999999,0.006395837363315726
2022-07-25,-0.3543455814625,-0.05517510011323534
2022-07-26,-0.1799213505263158,-0.005708686992848544
2022-07-27,0.0819826412142857,0.0796052030234431
2022-07-28,0.0601367438421052,0.0398306162434614
2022-07-29,0.0051122231875,-0.0016462880701044735
2022-07-30,0.2430038325,-0.006235163651508224
2022-07-31,-0.0407983405999999,-0.013497960448739299
2022-08-01,0.2118728107133333,-0.0009725914343493569
2022-08-02,-0.113303274117647,-0.014415336683737068
2022-08-03,-0.1232456697619047,-0.0057275961266136655
2022-08-04,0.0368017890833333,-0.009434736504108754
2022-08-05,-0.0395618863333333,0.029091011085651708
2022-08-06,-0.2528444854857143,-0.014085221654344782
2022-08-07,-0.126980319025,0.009346662498644243
2022-08-08,-0.0961138989999999,0.02733856978257987
2022-08-09,0.1672391278181818,-0.02709709734425869
2022-08-10,0.0708100262307692,0.033815983988709775
2022-08-11,0.1116770074687499,0.00041284726535173455
2022-08-12,0.0830683814285714,0.018586602023192844
2022-08-13,0.2841916171428572,0.0008708010561344626
2022-08-14,-0.8967189,-0.004288162539464846
2022-08-15,-0.1565512702142857,-0.007498615226969818
2022-08-16,-0.2175944595,-0.010510085263709001
2022-08-17,-0.19574259705,-0.02291530796119967
2022-08-18,-0.1460629394615384,-0.005281958173694035
2022-08-19,-0.3005718145454545,-0.10059931398792521
2022-08-20,0.0955685599999999,0.013819043648011897
2022-08-21,0.1212471196666666,0.01738918520335342
2022-08-22,-0.320496778625,-0.006279006699941081
2022-08-23,-0.2002746406190476,0.006036741981122917
2022-08-24,-0.035580670217647,-0.006181150878381003
2022-08-25,0.0021526861333333,0.009623023027591993
2022-08-26,-0.1947214181894737,-0.06207539958496022
2022-08-27,-0.6990860839999999,-0.010773990107132536
2022-08-28,0.0631269375,-0.021201944769558057
2022-08-29,-0.0754628823368421,0.03472427641744291
2022-08-30,0.0036076978571428,-0.024691382971281484
2022-08-31,-0.0179531834,0.012777568511970205
2022-09-01,-0.3435016861333333,0.0038592451457939436
2022-09-02,0.1224685549882352,-0.007818752974256604
2022-09-03,-0.115754961,-0.006894600364241943
2022-09-04,0.4363192924999999,0.007796708085036963
2022-09-05,0.2406882987272727,-0.008722884940063236
2022-09-06,-0.0911296366,-0.04919669232863699
2022-09-07,-0.2511522285789473,0.024029314602578067
2022-09-08,-0.0259202671066666,0.0020481649337233954
2022-09-09,-0.0718557004285714,0.10612188190716765
2022-09-10,-0.0504083120333333,0.014002365912589188
2022-09-11,0.426556142,0.004092001431295067
2022-09-12,0.0261186668142857,0.027616624254801714
2022-09-13,-0.1141011159523809,-0.09270006906083372
2022-09-14,-0.414755693076923,-0.0027402074343571003
2022-09-15,-0.0195610416692307,-0.026672422800232853
2022-09-16,0.0449350113125,0.003622774615297697
2022-09-17,-0.1579287065666666,0.017953757980268437
2022-09-18,0.2657055813333333,-0.035179114785287124
2022-09-19,-0.4058868676666666,0.006417415961943007
2022-09-20,0.039102869375,-0.033428956945789956
2022-09-21,0.0893135421304347,-0.018177571658806957
2022-09-22,-0.0750968324615384,0.04669928789927913
2022-09-23,-0.235377406976923,-0.005970680514919002
2022-09-24,0.2141147166666666,-0.01868762076318642
2022-09-25,0.175404485,-0.007124358610731463
2022-09-26,-0.1334080476692307,0.022368473265013344
2022-09-27,-0.1323512979,-0.005832956039052206
2022-09-28,-0.0027695064444444,0.016544467837213528
2022-09-29,-0.2394124102888235,0.007532412719634118
2022-09-30,-0.193948087175,-0.0072171538473359
2022-10-01,0.0529088575,-0.0061596674907298254
2022-10-02,-0.3234895446666667,-0.013876706359042923
2022-10-03,0.097616198125,0.030427924155919772
2022-10-04,-0.0487027053124999,0.036347275524413414
2022-10-05,0.1542343404772727,-0.008660486125090072
2022-10-06,0.0558975759175,-0.01018185214187517
2022-10-07,-0.0408386799375,-0.02047530303595302
2022-10-08,0.0012914254,-0.006665076603316944
2022-10-09,0.024957114,0.0015377290838616275
2022-10-10,-0.0042705233499999,-0.01568110303046133
2022-10-11,-0.2818452219823529,-0.00470529894576166
2022-10-12,0.1376247041428571,0.005565325579645286
2022-10-13,-0.1551079265625,0.011768739552548313
2022-10-14,0.1797026710526315,-0.010176392755898878
2022-10-15,-0.4099372018333333,-0.0061515479500473536
2022-10-16,-0.2801005466666666,0.010513049302600663
2022-10-17,-0.0363331522380952,0.014670058500208416
2022-10-18,-0.020925387095238,-0.011065647631146036
2022-10-19,-0.0202410937777777,-0.010079479991405349
2022-10-20,-0.1717239095294117,-0.004482602172654282
2022-10-21,-0.1891432657142857,0.006231244583192241
2022-10-22,-0.1148582611111111,0.0018631248583989013
2022-10-23,-0.0299970767777777,0.018680488353712166
2022-10-24,-0.2516000732894737,-0.011316781236911488
2022-10-25,0.0352727671434782,0.03878330120960949
2022-10-26,0.0352325976190476,0.03356831063305088
2022-10-27,-0.1828437947272727,-0.0233314959115013
2022-10-28,-0.2809109730625,0.015257721000682789
2022-10-29,0.1700333666666666,0.01083375534148523
2022-10-30,-0.0376026999999999,-0.008784170461560437
2022-10-31,-0.5109035563846154,-0.006776156462742766
2022-11-01,0.0965857662142857,-0.0005123007449325812
2022-11-02,-0.1411882047142857,-0.015902620594443806
2022-11-03,0.199458211625,0.0025042468919260763
2022-11-04,-0.1244664969846153,0.0463751969796804
2022-11-05,0.1428204355,0.006405611254872046
2022-11-06,0.2557175592,-0.01673684363155281
2022-11-07,-0.129638766725,-0.015466997985227438
2022-11-08,-0.0894395234285714,-0.10006131594948431
2022-11-09,-0.2912653148235294,-0.14349022466876316
2022-11-10,-0.1539713167333333,0.10742489862358795
2022-11-11,-0.4475144055333333,-0.03141443647663533
2022-11-12,-0.5585378553333333,-0.013802006476365758
2022-11-13,-0.512831585,-0.026538209918333333
2022-11-14,-0.157375342,0.016194463988263186
2022-11-15,-0.2505550126428572,0.016031463998783302
2022-11-16,-0.33063043975,-0.0127437818409466
2022-11-17,-0.3559741132,0.0010845070736082985
2022-11-18,-0.257696504,0.0006148167681003791
2022-11-19,-0.5802562375,0.0008246325823211276
2022-11-20,0.0694292368571428,-0.025115259939095247
2022-11-21,-0.3118001472222222,-0.030969374751391165
2022-11-22,-0.5279723045,0.025494274188105903
2022-11-23,-0.1436478045166666,0.02600021570334854
2022-11-24,0.0895038322294117,-0.0003757930043709612
2022-11-25,-0.0953227250588235,-0.004975953615638518
2022-11-26,-0.1488219696666666,-0.0034839061881034583
2022-11-27,-0.3998939925,-0.0011937537130568554
2022-11-28,-0.2935429172352941,-0.013822428939733733
2022-11-29,-0.0517486698235294,0.014038085481754337
2022-11-30,0.00703170978125,0.044000289316970864
2022-12-01,-0.2166675760714285,-0.011732697360023692
2022-12-02,-0.0574352843333333,0.007162515027905547
2022-12-03,-0.1712872724,-0.010558102652595158
2022-12-04,0.0045215959374999,0.013144481522908036
2022-12-05,0.1992410056666666,-0.00908673304822849
2022-12-06,-0.0948913278823529,0.006755753090715411
2022-12-07,-0.2351697788333333,-0.01412428087141393
2022-12-08,-0.1723884949090909,0.022871839541696026
2022-12-09,0.1150239721428571,-0.005821360340788395
2022-12-10,0.1955487787142857,-0.00025843080632004245
2022-12-11,-0.182833792,-0.0014321702613265819
2022-12-12,-0.1785121270526316,0.005977723618808328
2022-12-13,0.0215772700583333,0.033410801008343594
2022-12-14,0.3172368278125,0.0019307922256450727
2022-12-15,-0.1332896473076923,-0.02530276169357326
2022-12-16,-0.2567593546578947,-0.04131220425223303
2022-12-17,-0.45512922,0.008866650272798315
2022-12-18,-0.059122912,-0.0022098857704312413
2022-12-19,-0.1868442757142857,-0.01899375344110854
2022-12-20,-0.4624931119666666,0.028384068842582266
2022-12-21,-0.2600893067307143,-0.005250676176186131
2022-12-22,-0.39017151,0.0007615052090579333
2022-12-23,0.1482207891428571,-0.001983838015767403
2022-12-24,-0.3729205379999999,0.003024520816182319
2022-12-25,0.3425703418,-0.000342451024228807
2022-12-26,-0.2107209334285714,0.004620497716771643
2022-12-27,-0.011124560276923,-0.011975957353969946
2022-12-28,-0.3375730734166667,-0.009846255365429935
2022-12-29,0.3538785055,0.0054232979508825885
2022-12-30,-0.2553751911111111,-0.002388838052975517
2022-12-31,-0.3069144354,-0.0033181483870876605
2023-01-01,0.406352036,0.0046885633896178724
2023-01-02,-0.2601043228571428,0.0038129515588565255
2023-01-03,0.3548317243727272,-0.000516121662866742
2023-01-04,0.00677273825,0.010994150293785143
2023-01-05,-0.38480448175,-0.0015715814888571655
2023-01-06,-0.2106647533333333,0.006844106816741524
2023-01-07,0.91833353,0.00018342264818071996
2023-01-08,-0.3221983206666666,0.008025112314249405
2023-01-09,0.0040505235454545,0.006167530562816603
2023-01-10,-0.0385393291428571,0.014522576515372032
2023-01-11,0.0392492305294117,0.02800615102017323
2023-01-12,0.336881623875,0.052115795988246116
2023-01-13,-0.0089015242857142,0.05511441660269112
2023-01-14,0.1602710528142857,0.05357847423830919
2023-01-15,-0.1449874581428571,-0.004552757413617381
2023-01-16,0.2059234412222222,0.013832516023570829
2023-01-17,0.199897899117647,-0.00038325091993141047
2023-01-18,-0.1052531538333333,-0.022339524368838015
2023-01-19,0.1404435717647059,0.019238045679950355
2023-01-20,0.095164999,0.07539125404137925
2023-01-21,-0.1448037646,0.004457126566322689
2023-01-22,0.04737228,-0.002511630794474806
2023-01-23,0.27367309765,0.009419529327844067
2023-01-24,-0.0166470508388888,-0.012991945703908492
2023-01-25,0.0999488619833333,0.021266153759075257
2023-01-26,-0.09906673560625,-0.003680359408276712
2023-01-27,-0.02014758779375,0.0019950339114214177
2023-01-28,0.0336463134666666,-0.0020641809553220147
2023-01-29,0.2060988833333333,0.03228143207915801
2023-01-30,0.3126688499047619,-0.03930367092328346
2023-01-31,0.1098371115,0.013097316769725253
2023-02-01,-0.1625942341333333,0.025259482888651652
2023-02-02,0.0720374491666666,-0.01061797692681965
2023-02-03,-0.2109291201249999,-0.0009606745041729203
2023-02-04,-0.060809019375,-0.005009723012217249
2023-02-05,-0.2352572943333333,-0.01612309690031044
2023-02-06,-0.3432698238888889,-0.008518883333286542
2023-02-07,-0.0073190949999999,0.022151986720186922
2023-02-08,-0.0569565703636363,-0.013965290320121615
2023-02-09,-0.3994227961666666,-0.04883996317743455
2023-02-10,-0.1213164041818181,-0.007693073387383564
2023-02-11,0.2495372346666666,0.010146854341645195
2023-02-12,0.6096630833333333,-0.003779998514005456
2023-02-13,-0.3304525484545454,0.0009132665684197239
2023-02-14,0.3244292532647059,0.018924303145655852
2023-02-15,0.3431914488529411,0.09392266116037784
2023-02-16,0.0256851371428571,-0.028154173176657027
2023-02-17,0.1058237703,0.03988096453648349
2023-02-18,0.43734504425,0.0030805588480080637
2023-02-19,-0.446406816,-0.012728023845912761
2023-02-20,0.1087466433333333,0.020614650916729094
2023-02-21,-0.152387266576923,-0.01581991113645098
2023-02-22,0.0716076582222222,-0.01012875204423358
2023-02-23,0.2786281673333333,-0.00997780485063493
2023-02-24,-0.1512752982666666,-0.03129201289670536
2023-02-25,-0.1851831823333333,-0.0009807668166905703
2023-02-26,0.0964290649999999,0.016648614774302573
2023-02-27,0.0404403203846153,-0.0016273269569350157
2023-02-28,-0.2873303569333333,-0.01596393470118429
2023-03-01,-0.1251543332999999,0.02156606219747892
2023-03-02,-0.1305739474999999,-0.007235050302163204
2023-03-03,-0.3178338195,-0.047402129167592566
2023-03-04,0.335916195,-0.0004172164631153219
2023-03-05,-0.0570162852499999,0.0036756935285233716
2023-03-06,-0.08143110375,-0.00025655126328649747
2023-03-07,-0.0656196248125,-0.00936203961743065
2023-03-08,-0.00147880375,-0.022578517406286358
2023-03-09,-0.0914261032352941,-0.06239311158608585
2023-03-10,-0.401082096,-0.008632183779056501
2023-03-11,-0.0090919689999999,0.022051846825845045
2023-03-12,0.1949156433333333,0.07422977009964415
2023-03-13,0.0456276490714285,0.09175187888693825
2023-03-14,0.00438564226875,0.022669294883089997
2023-03-15,-0.0722429581818181,-0.014956444322371198
2023-03-16,0.1672008935384615,0.027766213062754286
2023-03-17,0.1470859349333333,0.0946457745317153
2023-03-18,0.468284308,-0.01670259464889101
2023-03-19,0.64830816125,0.039783493752593824
2023-03-20,0.170707291,-0.00968089417783835
2023-03-21,0.2616544536363636,0.014714466837708162
2023-03-22,0.1020387712222222,-0.030820008681536337
2023-03-23,-0.1255651015833333,0.03759177902540278
2023-03-24,0.0338384,-0.02967065403073854
2023-03-25,-0.3381290584999999,5.17171735541222e-05
2023-03-26,0.0540921236249999,0.018171608313816145
2023-03-27,0.3346937788888888,-0.03052194511765327
2023-03-28,-0.0698435432105263,0.004725228944394866
2023-03-29,0.2185782961428571,0.0396180637553154
2023-03-30,0.1316894581818181,-0.0111074503792854
2023-03-31,-0.1476737776363636,0.015871042968584437
2023-04-01,0.211041735,-0.0023684272611504964
2023-04-02,-0.1115037966666667,-0.00745226498561502
2023-04-03,-0.0841038963,-0.014507018470504951
2023-04-04,0.0930837322222222,0.0135971982612757
2023-04-05,-0.005409206,0.000351267384649967
2023-04-06,-0.0774163493571428,-0.004749940528704033
2023-04-07,0.0913507504545454,-0.004217681389550476
2023-04-08,-0.2687311375,0.0007854922772632111
2023-04-09,-0.268011785,0.013784839213681899
2023-04-10,0.0411945650833333,0.04658621825410658
2023-04-11,-0.111125345,0.019629666758571807
2023-04-12,0.0873418102933333,-0.003175315803583212
2023-04-13,0.3473484723076923,0.00862713483952482
2023-04-14,0.299680812,0.002849851088919886
2023-04-15,0.20744045125,-0.005484641300179338
2023-04-16,0.7136998999999999,-0.00010358775680330279
2023-04-17,-0.0780969029166666,-0.028708571396173888
2023-04-18,0.25944601705,0.032348662229154
2023-04-19,0.0371689183333333,-0.0518092051895368
2023-04-20,-0.217816319090909,-0.020008250880993006
2023-04-21,-0.0491573808333333,-0.034308522518338824
2023-04-22,0.5669786913333333,0.01981858797984626
2023-04-23,-0.6469529924999999,-0.008128524647254443
2023-04-24,-0.163217072,-0.002393679129772508
2023-04-25,0.0424016123636363,0.02841955147295372
2023-04-26,0.0227535847857142,0.004066170397882152
2023-04-27,-0.0638414976,0.036980508331842854
2023-04-28,-0.0223545813333333,-0.00453030993708059
2023-04-29,0.0420237499999999,-0.0031279011203009244
2023-04-30,0.1695291825,0.000694680667924441
2023-05-01,-0.0972952351538461,-0.04022160164248023
2023-05-02,-0.0660567438235294,0.020966033026897257
2023-05-03,0.26943323275,0.01135862564681589
2023-05-04,0.158021731,-0.005467695268338013
2023-05-05,-0.2150164236363636,0.023803407820215394
2023-05-06,-0.2171986293999999,-0.021323001096775096
2023-05-07,-0.0959993775,-0.015556145829018653
2023-05-08,-0.1744066902727272,-0.026733637409259936
2023-05-09,-0.11513881825,-0.0012817829272578907
2023-05-10,-0.0444952910714285,-0.0013384371045779275
2023-05-11,0.0250706550625,-0.022481076150133283
2023-05-12,-0.0232362745714285,-0.007251596524522896
2023-05-13,-0.6049822524999999,-0.0007801573211611013
2023-05-14,0.2823569466666666,0.005471927993601522
2023-05-15,0.2339543919705882,0.009730726801279843
2023-05-16,0.05522726,-0.005738415341494774
2023-05-17,0.08256875705,0.013394867282656264
2023-05-18,0.053358156,-0.02067950762275983
2023-05-19,-0.1923961900588235,0.0021585968530852817
2023-05-20,0.0024900744444444,0.008905016115201336
2023-05-21,0.0479124041999999,-0.013850552916312875
2023-05-22,-0.2035379188,0.0036425134576618667
2023-05-23,0.4477349758461538,0.013945303754316907
2023-05-24,0.1391850399999999,-0.03272302765106416
2023-05-25,-0.0491321095555555,0.005368887301425707
2023-05-26,-0.02049591375,0.009181223884829448
2023-05-27,0.042472595,0.005578834405180588
2023-05-28,0.3183030128571428,0.0453058267244435
2023-05-29,0.3070844405833333,-0.0120973437068298
2023-05-30,0.0600582784375,-0.0015690671469931194
2023-05-31,-0.2019210378749999,-0.01742420455507676
2023-06-01,0.0082172655,-0.014683709247646393
2023-06-02,-0.00553967,0.01601855426947596
2023-06-03,0.9185984,-0.0064023326039167605
2023-06-04,0.8221245866666668,0.001622799291266075
2023-06-05,-0.1802834949285714,-0.05011119223804861
2023-06-06,-0.5545038508846154,0.057402171630208665
2023-06-07,0.016661921490909,-0.03277624957004588
2023-06-08,0.0426857693846154,0.0061572444403654725
2023-06-09,-0.2128611447857142,-0.0010503081775867784
2023-06-10,-0.2997277166666667,-0.02375852931180167
2023-06-11,-0.08175816,0.0034399794195076883
2023-06-12,-0.1457828033846153,-0.001452109670044499
2023-06-13,-0.1095667438,0.0006265231396582749
2023-06-14,-0.043173447068421,-0.030636253390914137
2023-06-15,-0.0649923242307692,0.017979087727655774
2023-06-16,0.3348127471428571,0.029365685552642073
2023-06-17,0.47108494,0.006959002900740696
2023-06-18,0.4031825171428571,-0.006580854145875503
2023-06-19,-0.2466646607,0.019547852547670663
2023-06-20,-0.1854814656923076,0.05498705349618893
2023-06-21,0.1615775016363636,0.06000562340273241
2023-06-22,0.3218830917266667,-0.0038303689299371557
2023-06-23,0.435680884,0.02618280743799839
2023-06-24,0.60468256375,-0.0047815994828226405
2023-06-25,0.416313228,-0.002240147837737516
2023-06-26,0.1046007192,-0.006861189753050945
2023-06-27,0.2908974731111111,0.013776598074988877
2023-06-28,-0.0113953194090909,-0.01961401038928634
2023-06-29,0.0404761045333333,0.011935868224670187
2023-06-30,-0.0142130961578947,0.0010477918298796851
2023-07-01,0.64148991,0.0037019798257575953
2023-07-02,0.0979533512,0.0010033124506771962
2023-07-03,0.1335870629375,0.01749367929268808
2023-07-04,0.3734358712777778,-0.012159843310882601
2023-07-05,0.0196254505454545,-0.0085586975402272
2023-07-06,0.2477818047619047,-0.019821224171432172
2023-07-07,0.0164105023749999,0.014474667943441766
2023-07-08,0.599044856,-0.0016387902600796256
2023-07-09,0.2443895513888888,-0.004004505286051452
2023-07-10,-0.021243402,0.008061862007427312
2023-07-11,0.2573927856111111,0.006788889103658935
2023-07-12,0.0881015794736842,-0.007488490028050299
2023-07-13,0.0392936601571428,0.03568093437476372
2023-07-14,0.1600945889411764,-0.036280934592069825
2023-07-15,-0.234096549,-0.001261344778969442
2023-07-16,-0.065352236,-0.001540603578530031
2023-07-17,-0.0459444668888888,-0.0034131272874816654
2023-07-18,-0.1361288877499999,-0.009597533349379406
2023-07-19,0.2024635306521739,0.0019212301525000086
2023-07-20,0.2051546661428571,-0.0040752996439197275
2023-07-21,-0.1329709761874999,0.0039181140710413676
2023-07-22,0.3661207991666666,-0.004578641136054662
2023-07-23,-0.4194369956,0.010504447141318263
2023-07-24,0.0733046823333333,-0.03016908602087709
2023-07-25,0.06135343902,0.0017299501204297574
2023-07-26,-0.1701364967272727,0.004365152978824893
2023-07-27,0.2794822932857143,-0.004915119656712763
2023-07-28,-0.0958573366428571,0.0037163327075591113
2023-07-29,0.07589047375,0.001284885528077373
2023-07-30,-0.138936127625,-0.002779902682116475
2023-07-31,-0.122165784117647,-0.0015438698273756435
2023-08-01,-0.2848763486470588,0.015245275282999904
2023-08-02,0.3165793618,-0.01764989082843693
2023-08-03,0.1017494300714285,0.0009166006009861949
2023-08-04,-0.1204039673125,-0.0035843942133476636
2023-08-05,-0.3799983033333333,-0.0010994270766331304
2023-08-06,0.299725095,-9.347950838400898e-06
2023-08-07,0.08184596625,0.004776645775930843
2023-08-08,-0.0314121694,0.020044635853149417
2023-08-09,-0.0182438678749999,-0.006853508270246889
2023-08-10,-0.38382300925,-0.004461964714047806
2023-08-11,-0.0453069899285714,-0.001083159880198692
2023-08-12,0.0898117128,0.0006207965516027425
2023-08-13,0.23662138225,-0.004523080645381872
2023-08-14,0.0486765445947368,0.004286776125049352
2023-08-15,-0.0284179312,-0.008096168172366025
2023-08-16,-0.1333111614,-0.016063173634291772
2023-08-17,0.0767838229545454,-0.07097917151940503
2023-08-18,-0.7524265997777778,-0.02306411031148714
2023-08-19,-0.224204176125,0.0017907574452629138
2023-08-20,0.1648067255555555,0.00357825614760654
2023-08-21,-0.3133643336875,-0.002498831574187843
2023-08-22,-0.1049228815263157,-0.0035401882238949023
2023-08-23,-0.013108375,0.015365306423789304
2023-08-24,0.0880363773809523,-0.01018731988472621
2023-08-25,-0.0406916726111111,-0.004384352975912553
2023-08-26,0.20437434875,-0.0015051281432193475
2023-08-27,-0.0822547666666666,0.0031232321991347956
2023-08-28,-0.0742712100533333,0.0006307866874213364
2023-08-29,0.0827747725833333,0.062101924766441385
2023-08-30,0.1734843100909091,-0.015512708305083889
2023-08-31,-0.0092411639416666,-0.0500340578984273
2023-09-01,0.0030902851428571,-0.005042060225742162
2023-09-02,0.112047765,0.0026384615075991658
2023-09-03,0.0073267839999999,0.0038953327054152
2023-09-04,-0.1010123089588235,-0.006051329012069284
2023-09-05,0.1344423931333333,-0.0012565113521479931
2023-09-06,0.0572492409999999,-0.0010374752516241204
2023-09-07,0.070735698,0.018908652030005024
2023-09-08,-0.0773118827083333,-0.012749181613965876
2023-09-09,0.13950983,-0.0003851113886439439
2023-09-10,0.424902262,-0.0024502611024840304
2023-09-11,-0.2489071672363636,-0.02592003689674205
2023-09-12,0.032768143,0.026654161568650414
2023-09-13,0.151309415076923,0.01528956036711282
2023-09-14,0.1344479723076923,0.011870739692642074
2023-09-15,0.0525089898124999,0.0026006171627044328
2023-09-16,0.531752205,-0.001518755875352329
2023-09-17,0.1808810190285714,-0.0012832501161511578
2023-09-18,0.3996529035,0.008294723552398242
2023-09-19,0.2007592247222222,0.017075246134672373
2023-09-20,0.2772421064736842,-0.00290724465500225
2023-09-21,-0.32030025265,-0.02080107760178318
2023-09-22,-0.1561690505705882,0.0004492514240630463
2023-09-23,0.357640689,-6.686879658768241e-06
2023-09-24,0.266837963375,-0.01213588594546644
2023-09-25,-0.1285778574473684,0.0015864178176880905
2023-09-26,0.101993694,-0.0030887894396227633
2023-09-27,-0.1713304724259259,0.005167086436411061
2023-09-28,-0.0485518654999999,0.02537992888096885
2023-09-29,0.0634416453933333,-0.004064392478456136
2023-09-30,-0.0064484505,0.0020881352448591795
2023-10-01,0.328525507,0.037668241913332734
2023-10-02,0.4921964186111111,-0.016186709920936293
2023-10-03,-0.322901412076923,-0.003661597010505724
2023-10-04,0.1261657995625,0.013467601347721292
2023-10-05,0.1907857996666666,-0.01379463216164356
2023-10-06,0.013954810975,0.01935684447622399
2023-10-07,0.910923,0.0007958817661306572
2023-10-08,0.15298580875,-0.001206700034343422
2023-10-09,0.15109108783,-0.012579594744121514
2023-10-10,-0.3093687073529412,-0.006984500217130485
2023-10-11,-0.1947369458235294,-0.018900326735168282
2023-10-12,-0.1700414276875,-0.0043359541366684295
2023-10-13,-0.1323114535384615,0.003945769916393171
2023-10-14,0.6521864414285714,-2.4866332556272575e-05
2023-10-15,0.1644910833333333,0.011091823470242623
2023-10-16,0.1016581278695652,0.05006744695824206
2023-10-17,0.2488153407222222,-0.0036367703063566736
2023-10-18,0.3391072944999999,-0.0030759792019486865
2023-10-19,0.1805230049166666,0.013818840741083749
2023-10-20,0.42236871,0.033535830870205396
2023-10-21,0.0075350917499999,0.007932597562652743
2023-10-22,0.1608754885714285,0.002523007395046406
2023-10-23,0.3527835756719999,0.10309890521346299
2023-10-24,-0.0166220085967742,0.02464145540134477
2023-10-25,0.1580779519166666,0.017736456610143003
2023-10-26,0.1768832197894736,-0.010033147199696724
2023-10-27,0.0579415916470588,-0.007226928505637331
2023-10-28,0.330093673,0.005301518539129857
2023-10-29,0.559141344,0.013168432293093613
2023-10-30,0.1659952122,-0.0010457086417764438
2023-10-31,0.2658080576153846,0.004794395311462418
2023-11-01,-0.1185051479583333,0.022195613001625203
2023-11-02,0.3867981199999999,-0.014081557224217889
2023-11-03,0.004011933,-0.005893770145759425
2023-11-04,0.380674458,0.010073356782761111
2023-11-05,0.2444700125,-0.0009360829177728069
2023-11-06,0.2041904547222222,-0.0003419285416157436
2023-11-07,0.2617972563636364,0.011593090279608864
2023-11-08,0.3706231624444445,0.005973294692089626
2023-11-09,0.0233015447391304,0.029107827327892632
2023-11-10,0.2280633134090909,0.01691989303173269
2023-11-11,-0.2041064169999999,-0.0047145338500075296
2023-11-12,0.2636662457142857,-0.002249209321512735
2023-11-13,-0.14397216475,-0.014901395821212304
2023-11-14,0.3022107755,-0.026428838121854925
2023-11-15,-0.3953291566875,0.06592844558740318
2023-11-16,0.299829806117647,-0.04555929205565723
2023-11-17,0.3926547774090909,0.012222842746045792
2023-11-18,0.009083051,-0.000300039994658885
2023-11-19,0.098189458,0.021889527372586093
2023-11-20,0.3479519445714286,0.0024182537251242753
2023-11-21,0.2815574437294117,-0.04437779006078835
2023-11-22,-0.1711307275,0.045192824521265385
2023-11-23,0.1701929315789473,-0.003812712499291715
2023-11-24,0.1796077876363636,0.011549062275727495
2023-11-25,0.6888203241666666,0.0020283973558654633
2023-11-26,0.1592755224285714,-0.008404730932136117
2023-11-27,0.1509387105642857,-0.006002091789647501
2023-11-28,-0.0077650701210526,0.01548599794884531
2023-11-29,-0.0104167710499999,0.0007244373065387055
2023-11-30,0.2688477675923076,-0.0038497596002547985
2023-12-01,0.2683152901,0.025879947957747618
2023-12-02,0.6640327699999999,0.020356874575942596
2023-12-03,0.4233435586666667,0.012717964611113297
2023-12-04,0.3349283169677419,0.05006972516793251
2023-12-05,0.2767728688387097,0.05003682455553493
2023-12-06,0.38784865575,-0.007581629055975703
2023-12-07,0.1289924481935483,-0.010372985662227885
2023-12-08,0.155893903115,0.02018673414826888
2023-12-09,0.3026556759,-0.009976252913108663
2023-12-10,0.083974435,0.0012284421841561866
2023-12-11,-0.1774538762499999,-0.05792335792051162
2023-12-12,0.2359444613555555,0.005004157345118276
2023-12-13,-0.196561338,0.03475299863154757
2023-12-14,0.34531173575,0.0031062756659134827
2023-12-15,0.060400016974074,-0.025432678020983368
2023-12-16,-0.2656006301428571,0.007401888090740938
2023-12-17,-0.2556570450333333,-0.02072563201266564
2023-12-18,0.1058911991666666,0.030433584522719714
2023-12-19,-0.26716982825,-0.008282083715112631
2023-12-20,0.0,0.032687613405284255
2023-12-21,0.0,0.0049688697318006625
2023-12-22,0.0,0.002934864092908329
2023-12-23,0.0,-0.005872083923035065
2023-12-24,0.0,-0.01653939964043194
2023-12-25,0.0,0.013879063861056418
2023-12-26,0.0,-0.025055253200995553
2023-12-27,0.0,0.021694364920222586
2023-12-28,0.0,-0.01876027694786908
2023-12-29,0.0,-0.012396896798793966
2023-12-30,0.7958075,0.0013658151137276864
2023-12-31,0.0,0.002568622223877659
2024-01-01,0.0,0.0450049945064126
2024-01-02,0.0,0.017900939051301412
2024-01-03,0.0,-0.04692812036242189
2024-01-04,-0.95573837,0.03108057856532498
2024-01-05,0.0,-0.0003900067727314882
2024-01-06,0.37755162,-0.003928567037593367
2024-01-07,0.0,-0.0010479313368322307
2024-01-08,0.0,0.06889378335779228
2024-01-09,0.0,-0.017687130611972357
2024-01-10,0.0,0.010577584004972662
2024-01-11,0.0,-0.005558733892443213
2024-01-12,0.0,-0.07581464687080208
2024-01-13,0.0,-0.0002516769882185965
2024-01-14,0.0,-0.0244177193838242
2024-01-15,0.0,0.01712351907901466
2024-01-16,0.0,0.015124600939588229
2024-01-17,0.0,-0.009553782672285682
2024-01-18,0.0,-0.034639725632667706
2024-01-19,0.0,0.00863620644230223
2024-01-20,0.0,0.0011336255217606617
2024-01-21,0.0,-0.0028752933279206916
2024-01-22,0.0,-0.049064374667218136
2024-01-23,0.0,0.008560013431039293
2024-01-24,0.0,0.005810521700930993
2024-01-25,0.0,-0.0035747525934159974
2024-01-26,0.0,0.04715459322091098
2024-01-27,0.0,0.007250269707417489
2024-01-28,0.0,-0.002005242826170095
2024-01-29,0.0,0.029799801358818767
2024-01-30,0.0,-0.007753530092744043
2024-01-31,-0.038574815,-0.00861423582021903
2024-02-01,-0.4028092479,0.011581441842771323
2024-02-02,0.0,0.0025556346111748063
2024-02-03,0.0,-0.0044831659668692625
2024-02-04,0.90356565,-0.009505619472114146
2024-02-05,0.188,0.0017632602500394778
2024-02-06,0.24598226,0.009986338686479135
2024-02-07,0.0,0.028630850081180936
2024-02-08,0.0,0.022188248784866804
2024-02-09,0.3591012,0.040741037427910465
2024-02-10,0.0,0.013236801662479536
2024-02-11,0.0,0.010940478338881565
2024-02-12,-0.116166972,0.034461993507690414
2024-02-13,0.13184537875,-0.004319233922406296
2024-02-14,0.2756857575384615,0.041900916949929146
2024-02-15,0.117271039,0.0021583350882306007
2024-02-16,0.0319615799999999,0.004267512618200353
2024-02-17,0.31492704,-0.009532306269177337
2024-02-18,0.0,0.008895163192163213
2024-02-19,0.79351082,-0.006588364620277343
2024-02-20,0.0,0.009767068832988945
2024-02-21,-0.95730424,-0.008524364120598982
2024-02-22,0.0,-0.010305082651198116
2024-02-23,0.0,-0.011168964874795462
2024-02-24,0.0,0.016540904827679226
2024-02-25,0.0,0.003143945229742817
2024-02-26,0.7074610699999999,0.053914352844811164
2024-02-27,0.23489949,0.04700762695380023
2024-02-28,0.5231520375000001,0.09493531994124749
2024-02-29,-0.169470965,-0.020900898468654838
2024-03-01,0.0,0.020298739001094468
2024-03-02,0.0,-0.006578811548619723
2024-03-03,0.0,0.01833832389535761
2024-03-04,0.1675117231428571,0.08173591649219114
2024-03-05,-0.0268868266666666,-0.06628402455760396
2024-03-06,-0.25384865,0.03613733749494208
2024-03-07,-0.020179271,0.012384196927533564
2024-03-08,0.60445846,0.020539401213709896
2024-03-09,0.5992825150000001,0.0029105240064184468
2024-03-10,-0.0745117811666666,0.007604594828588107
2024-03-11,0.5589931333333333,0.04497430707429584
2024-03-12,0.209226368,-0.008909905479502545
2024-03-13,0.161426351,0.022414410239567806
2024-03-14,0.1870966233333333,-0.0230819028918976
2024-03-15,-0.4939236342857143,-0.027911980219644583
2024-03-16,-0.37181625875,-0.05891115205258901
2024-03-17,-0.4711520057142856,0.04708722796395115
2024-03-18,-0.09803589545,-0.0123120859035869
2024-03-19,-0.3902344592857142,-0.08343356981432348
2024-03-20,-0.1106233885333333,0.09692504638897836
2024-03-21,-0.7007185579999999,-0.03566706353999505
2024-03-22,-0.1606403576363636,-0.02615044343853401
2024-03-23,0.0894005024285714,0.004444134671348854
2024-03-24,-0.0200786143999999,0.04951388799118828
2024-03-25,0.0816000429333333,0.04052464020923141
2024-03-26,0.0700065966421052,0.00041486463910467286
2024-03-27,-0.2654849632954545,-0.007608353371227561
2024-03-28,0.3957390035555555,0.018567460837021654
2024-03-29,-0.009368345,-0.01204502883045766
2024-03-30,-0.1701573176666666,-0.0035414711944022903
2024-03-31,-0.1558006366666666,0.02424203264779501
2024-04-01,-0.1318924243333333,-0.022871394296192005
2024-04-02,-0.5733481747058823,-0.061047985989492126
2024-04-03,-0.0510284620588235,0.008156830210526378
2024-04-04,0.0766677935714285,0.038314642609167615
2024-04-05,-0.2287864592857142,-0.009797320875087778
2024-04-06,0.0185056872727272,0.015602971156545964
2024-04-07,0.0412645925,0.006770270726916605
2024-04-08,0.391717575,0.03270935878474601
2024-04-09,-0.056420859375,-0.03479403115822832
2024-04-10,0.0355148013125,0.0209558550176423
2024-04-11,0.1031297731249999,-0.007469744331340511
2024-04-12,-0.1642835852894736,-0.04088948430588779
2024-04-13,-0.341181794,-0.05021729270691988
2024-04-14,-0.2789638754545454,0.03004089104268326
2024-04-15,-0.432368738475,-0.03517737178558533
2024-04-16,-0.1813861658823529,0.006080330797783695
2024-04-17,-0.3738357792777778,-0.03972884891052719
2024-04-18,-0.1707319037923076,0.03649124077498622
2024-04-19,-0.1159586234071428,0.005208661031110617
2024-04-20,-0.0083267160666666,0.018026421268684478
2024-04-21,-0.1051447994,-0.0010431180502996629
2024-04-22,0.04014648142,0.029433758205850147
2024-04-23,0.1629759646,-0.006439574982440521
2024-04-24,0.0108158617894736,-0.03208044676017341
2024-04-25,-0.3622674199368421,0.0031863484195515657
2024-04-26,-0.1183561569444444,-0.011265004482557628
2024-04-27,-0.3143487279999999,-0.005272966802647994
2024-04-28,-0.194716482875,-0.004823625063903991
2024-04-29,-0.384141438,0.011533090916022948
2024-04-30,-0.5420827666764706,-0.050191249309274655
2024-05-01,-0.6222458765909091,-0.03929695449375714
2024-05-02,-0.0440743256,0.014924669552331737
2024-05-03,0.0288480175999999,0.06370405294167747
2024-05-04,0.3445145396666667,0.015926845790239064
2024-05-05,0.04745003125,0.002185896653241981
2024-05-06,-0.0175083059230769,-0.013574390387488533
2024-05-07,0.0833330530333333,-0.01309542885757653
2024-05-08,0.0393966575,-0.018398626419713127
2024-05-09,0.0,0.03043115176709965
2024-05-10,0.0,-0.035799920573900024
2024-05-11,0.0,1.5356984674586016e-05
2024-05-12,0.0,0.010768936188532141
2024-05-13,0.0,0.023646747788683697
2024-05-14,0.0,-0.02144084393922019
2024-05-15,0.0,0.07659609250545496
2024-05-16,0.0,-0.01563225228621834
2024-05-17,0.0,0.02790508695432159
2024-05-18,0.0,-0.0016564833198177142
2024-05-19,0.0,-0.009895869986810912
2024-05-20,0.0,0.07800174241430358
2024-05-21,0.0,-0.018358253231772315
2024-05-22,0.0,-0.01446030042296964
2024-05-23,0.0,-0.017255976976508713
2024-05-24,0.0,0.008781729788116976
2024-05-25,0.0,0.010796524727518797
2024-05-26,0.0,-0.010796814497022966
2024-05-27,0.0,0.012791671360530277
2024-05-28,0.0,-0.015827408107827234
2024-05-29,0.0,-0.01051485738366742
2024-05-30,0.0,0.011644282841286824
2024-05-31,0.0,-0.012778150001159894
2024-06-01,0.0,0.0031933460054698326
2024-06-02,0.0,0.0006596674454519835
2024-06-03,0.0,0.015544720172089965
2024-06-04,0.0,0.025622992224831664
2024-06-05,0.0,0.007298724608017615
2024-06-06,0.0,-0.004581363662391591
2024-06-07,0.0,-0.01999201273457618
2024-06-08,0.0,-0.0005308786729295578
2024-06-09,0.0,0.00493781012787653
2024-06-10,0.0,-0.0019485261992140401
2024-06-11,0.0,-0.03136496113771259
2024-06-12,0.0,0.013502581655740586
2024-06-13,0.0,-0.021757960505889518
2024-06-14,0.0,-0.011164543099157487
2024-06-15,0.0,0.0027253941690672523
2024-06-16,0.0,0.006768999939568809
2024-06-17,0.0,-0.0022321747830370553
2024-06-18,0.0,-0.02029695827328193
2024-06-19,0.0,-0.0027701435671353414
2024-06-20,0.0,-0.00202647819256907
2024-06-21,0.0,-0.011298352821403679
2024-06-22,0.0,0.0024397531859308152
2024-06-23,0.0,-0.01668075089399379
2024-06-24,0.0,-0.04595356431233677
2024-06-25,0.0,0.025336630415439876
2024-06-26,0.0,-0.016072632592061153
2024-06-27,0.0,0.013048951973404943
2024-06-28,0.0,-0.020853310881755127
2024-06-29,0.0,0.009403861104374522
2024-06-30,0.0,0.029413551620566913
2024-07-01,0.0,0.002771094932125795
2024-07-02,0.0,-0.013093697885290578
2024-07-03,0.0,-0.02990687070088416
2024-07-04,0.0,-0.05311634426354228
2024-07-05,0.0,-0.005534237213954074
2024-07-06,0.0,0.02896391234041995
2024-07-07,0.0,-0.042097439142912196
2024-07-08,0.0,0.015326802715911692
2024-07-09,0.0,0.02299844211812685
2024-07-10,0.0,-0.004598069730556098
2024-07-11,0.0,-0.006885432015347748
2024-07-12,0.0,0.009670444019596935
2024-07-13,0.0,0.023013827240820017
2024-07-14,0.0,0.026266900915231206
2024-07-15,0.0,0.06715755212726138
2024-07-16,0.0,0.003499237870556282
2024-07-17,0.0,-0.01502916014346345
2024-07-18,0.0,-0.0022571629283560934
2024-07-19,0.53841723,0.042768734230136385
2024-07-20,0.0,0.0067979482134701286
2024-07-21,0.92917943,0.014753144342986024
2024-07-22,0.0160651225555555,-0.00835268752223095
2024-07-23,0.0317795956666666,-0.02452573786440093
2024-07-24,0.194970479375,-0.008426492953570563
2024-07-25,0.0,0.00619673448871394
2024-07-26,-0.03889820575,0.032455548053117234
2024-07-27,0.1185629933333333,-0.0014537411892032726
2024-07-28,0.015140325,0.006525726007755361
2024-07-29,0.0081133732428571,-0.021037797689324123
2024-07-30,0.0003614129999999,-0.009262185475442442
2024-07-31,-0.5326459666666666,-0.023893373992326827
2024-08-01,-0.1862616452222222,0.011424614182306447
2024-08-02,-0.109220745,-0.06032105869640059
2024-08-03,0.0,-0.011967302150066583
2024-08-04,0.0,-0.04223983565450573
2024-08-05,-0.5295418174444444,-0.07098647891315102
2024-08-06,-0.3721809775454545,0.03783671505322772
2024-08-07,0.0432264303249999,-0.017968550940289485
2024-08-08,-0.1446040264999999,0.12144256099404904
2024-08-09,-0.1416172683333333,-0.013450358103773374
2024-08-10,0.0,0.001079157301276501
2024-08-11,0.064918876,-0.036529632368097475
2024-08-12,-0.1838713758857142,0.010814659848586317
2024-08-13,-0.5619342143333333,0.021144992390795814
2024-08-14,0.2300623413333332,-0.0308911115194338
2024-08-15,0.251896358,-0.020041310813293967
2024-08-16,-0.2500343432,0.023175912946963972
2024-08-17,0.0,0.00993082725079053
2024-08-18,0.0,-0.016728732324455264
2024-08-19,-0.1923799085,0.01726094125025579
2024-08-20,0.0,-0.008079210921579816
2024-08-21,-0.1467900506666666,0.03664287570061453
2024-08-22,-0.0370843923333333,-0.012967304646127387
2024-08-23,0.0,0.061482671821355916
2024-08-24,0.0,0.0013205019089592707
2024-08-25,0.0,0.0024081210374646833
2024-08-26,0.0,-0.022583597070127692
2024-08-27,-0.4887614814285714,-0.05369739018896724
2024-08-28,-0.262482857137931,-0.00800797843742207
2024-08-29,0.0847428496999999,0.006108236397788236
2024-08-30,-0.2555567508758621,-0.004524521990973862
2024-08-31,-0.1572266902,-0.002530098940268344
2024-09-01,-0.2243202190833333,-0.027885585694078285
2024-09-02,-0.1730099529681818,0.031172733823612075
2024-09-03,-0.2747699623529411,-0.02844504270361159
2024-09-04,-0.1737554108571428,0.00941156177702851
2024-09-05,-0.20167037954,-0.031240343288065575
2024-09-06,-0.3057366366315789,-0.03938239218868078
2024-09-07,-0.4877350701111111,0.003539165966313096
2024-09-08,-0.1141400252222222,0.012964221602682846
2024-09-09,0.0778104129791666,0.039713831911113884
2024-09-10,0.3146047047727273,0.011034389872275785
2024-09-11,-0.3166583938148148,-0.005300015516934153
2024-09-12,0.0259719087714285,0.013669279499548104
